Java,Java Mastering
Java,Java From Zero to Hero
Java,Java Quickstart
Java,Java For Dummies
Java,Java Memory Model
Java,Effective Java Developer
Java,Java Architect
Javascript,Javascript Mastering
Javascript,Javascript From Zero to Hero
Javascript,Javascript Quickstart
Javascript,Javascript For Dummies
Javascript,Modern Javascript
Javascript,Javascript Wizard crash course
Javascript,Javascript 2021
Web,HTML CSV and Javascript
Web,Web Design from Zero to Hero
Web,Mastering the Web
Economy,Modern Economy
Economy,Basic Economy
Redis,Redis Mastering
Redis,Redis From Zero to Hero
Redis,Redis Quickstart
Redis,Redis For Dummies
Art,Art Modern
Art,Art Mediterranean
Art,Art Contemporanean and others
Spring,Spring Mastering
Spring,Backend Ninja with Spring Framework
Spring,From Zero to Spring Rockstar
Spring,Spring Boot Quickstart
Spring,Spring Boot Advanced
Spring,Build a modern REST API with Spring Boot
Spring,Learn Webflux and Reactive programming in Spring
Spring,From Zero to Spring Viking
Blockchain,Blockchain for Dummies
Blockchain,Blockchain for the brave
Blockchain,Blockchain again
Blockchain,Blockchain behind the scenes
Blockchain,Blockchain Advanced
Blockchain,Blockchain Quickstart
