mamie.toy,Economy
mamie.toy,Javascript
mamie.toy,Web
katie.howell,Redis
katie.howell,Economy
katie.howell,Web
hailey.conroy,Spring
hailey.conroy,Spring
donn.larkin,Redis
ellyn.walter,Art
kathern.schimmel,Art
kathern.schimmel,Java
kathern.schimmel,Redis
benito.rice,Javascript
benito.rice,Web
benito.rice,Web
daren.metz,Art
phil.jakubowski,Economy
kurtis.collier,Economy
codi.sipes,Redis
codi.sipes,Redis
lue.runolfsdottir,Redis
lue.runolfsdottir,Art
lue.runolfsdottir,Web
jeff.ryan,Spring
elmer.johnson,Art
elmer.johnson,Web
jimmie.parker,Web
jimmie.parker,Java
jimmie.parker,Economy
barbara.blick,Javascript
barbara.blick,Javascript
lewis.ankunding,Java
lewis.ankunding,Java
jonathan.rodriguez,Spring
jonathan.rodriguez,Art
jonathan.rodriguez,Blockchain
teddy.goodwin,Art
teddy.goodwin,Economy
benito.cala,Java
benito.cala,Javascript
benito.cala,Web
benito.cala,Redis
benito.cala,Blockchain
