mamie.toy,Modern Economy
mamie.toy,Web Design from Zero to Hero
katie.howell,Redis Mastering
katie.howell,Modern Economy
hailey.conroy,Spring Mastering
donn.larkin,Redis Mastering
ellyn.walter,Art Mediterranean
kathern.schimmel,Art Mediterranean
kathern.schimmel,Java Quickstart
benito.rice,Javascript For Dummies
benito.rice,Web Design from Zero to Hero
benito.rice,HTML CSS and Javascript
daren.metz,Art Contemporanean and others
phil.jakubowski,Basic Economy
kurtis.collier,Basic Economy
codi.sipes,Redis Mastering
lue.runolfsdottir,Redis Quickstart
lue.runolfsdottir,Art Contemporanean and others
lue.runolfsdottir,HTML CSS and Javascript
jeff.ryan,Spring Mastering
elmer.johnson,HTML CSS and Javascript
jimmie.parker,HTML CSS and Javascript
jimmie.parker,Java Mastering
jimmie.parker,Modern Economy
barbara.blick,Javascript Mastering
barbara.blick,Javascript From Zero to Hero
lewis.ankunding,Java From Zero to Hero
lewis.ankunding,Java From Zero to Hero
jonathan.rodriguez,Art Mediterranean
jonathan.rodriguez,Blockchain for Dummies
jonathan.rodriguez,Blockchain Quickstart
teddy.goodwin,Basic Economy
benito.cala,Redis Mastering
benito.cala,Java Mastering
benito.cala,Javascript Mastering
benito.cala,Java From Zero to Hero
benito.cala,Java Quickstart
benito.cala,Spring Mastering
benito.cala,Web Design from Zero to Hero
benito.cala,Blockchain again
benito.cala,Blockchain behind the scenes
benito.cala,Blockchain Quickstart
